,asofdate,pnl,strategy,positionType
0,1969-02-18 14:30:00+00:00,,arma_threshold_ma,short
5,1969-02-26 14:30:00+00:00,0.11718700000000037,arma_threshold_ma,short
10,1969-03-05 14:30:00+00:00,0.0,arma_threshold_ma,no_position
15,1969-03-12 14:30:00+00:00,0.0,arma_threshold_ma,no_position
20,1969-03-19 14:30:00+00:00,-0.09375,arma_threshold_ma,short
25,1969-03-26 14:30:00+00:00,0.0,arma_threshold_ma,no_position
30,1969-04-03 14:30:00+00:00,0.140625,arma_threshold_ma,long
35,1969-04-11 14:30:00+00:00,0.078125,arma_threshold_ma,long
40,1969-04-18 14:30:00+00:00,0.0,arma_threshold_ma,no_position
45,1969-04-25 14:30:00+00:00,0.09375,arma_threshold_ma,short
50,1969-05-02 13:30:00+00:00,0.08593799999999963,arma_threshold_ma,short
55,1969-05-09 13:30:00+00:00,0.0,arma_threshold_ma,no_position
60,1969-05-16 13:30:00+00:00,0.265625,arma_threshold_ma,long
65,1969-05-23 13:30:00+00:00,0.0,arma_threshold_ma,no_position
70,1969-06-02 13:30:00+00:00,0.0,arma_threshold_ma,no_position
75,1969-06-09 13:30:00+00:00,0.0,arma_threshold_ma,no_position
80,1969-06-16 13:30:00+00:00,0.0,arma_threshold_ma,no_position
85,1969-06-23 13:30:00+00:00,0.234375,arma_threshold_ma,short
90,1969-06-30 13:30:00+00:00,0.0,arma_threshold_ma,no_position
95,1969-07-08 13:30:00+00:00,0.0,arma_threshold_ma,no_position
100,1969-07-15 13:30:00+00:00,0.125,arma_threshold_ma,short
105,1969-07-23 13:30:00+00:00,0.23437499999999956,arma_threshold_ma,short
110,1969-07-30 13:30:00+00:00,0.09375,arma_threshold_ma,short
115,1969-08-06 13:30:00+00:00,0.0,arma_threshold_ma,no_position
120,1969-08-13 13:30:00+00:00,-0.10156300000000007,arma_threshold_ma,short
125,1969-08-20 13:30:00+00:00,0.0,arma_threshold_ma,no_position
130,1969-08-27 13:30:00+00:00,-0.15625,arma_threshold_ma,short
135,1969-09-04 13:30:00+00:00,0.0,arma_threshold_ma,no_position
140,1969-09-11 13:30:00+00:00,0.0,arma_threshold_ma,no_position
145,1969-09-18 13:30:00+00:00,-0.02343699999999993,arma_threshold_ma,short
150,1969-09-25 13:30:00+00:00,0.0,arma_threshold_ma,no_position
155,1969-10-02 13:30:00+00:00,0.02343800000000007,arma_threshold_ma,short
160,1969-10-09 13:30:00+00:00,0.08593699999999993,arma_threshold_ma,short
165,1969-10-16 13:30:00+00:00,0.0,arma_threshold_ma,no_position
170,1969-10-23 13:30:00+00:00,-0.109375,arma_threshold_ma,short
175,1969-10-30 14:30:00+00:00,0.109375,arma_threshold_ma,short
180,1969-11-06 14:30:00+00:00,0.0,arma_threshold_ma,no_position
185,1969-11-13 14:30:00+00:00,0.0,arma_threshold_ma,no_position
190,1969-11-20 14:30:00+00:00,-0.03906199999999993,arma_threshold_ma,short
195,1969-11-28 14:30:00+00:00,0.21093699999999993,arma_threshold_ma,short
200,1969-12-05 14:30:00+00:00,0.21093800000000007,arma_threshold_ma,short
205,1969-12-12 14:30:00+00:00,0.09375,arma_threshold_ma,short
210,1969-12-19 14:30:00+00:00,0.0,arma_threshold_ma,no_position
215,1969-12-29 14:30:00+00:00,-0.13281199999999993,arma_threshold_ma,short
220,1970-01-06 14:30:00+00:00,0.0,arma_threshold_ma,no_position
225,1970-01-13 14:30:00+00:00,0.0,arma_threshold_ma,no_position
230,1970-01-20 14:30:00+00:00,0.00781199999999993,arma_threshold_ma,short
235,1970-01-27 14:30:00+00:00,0.14843800000000007,arma_threshold_ma,short
240,1970-02-03 14:30:00+00:00,0.0625,arma_threshold_ma,short
245,1970-02-10 14:30:00+00:00,0.16406199999999993,arma_threshold_ma,short
250,1970-02-17 14:30:00+00:00,0.14843800000000007,arma_threshold_ma,short
255,1970-02-25 14:30:00+00:00,0.0,arma_threshold_ma,no_position
260,1970-03-04 14:30:00+00:00,0.0,arma_threshold_ma,no_position
265,1970-03-11 14:30:00+00:00,0.09375,arma_threshold_ma,short
270,1970-03-18 14:30:00+00:00,-0.00781300000000007,arma_threshold_ma,short
275,1970-03-25 14:30:00+00:00,0.05468800000000007,arma_threshold_ma,short
280,1970-04-02 14:30:00+00:00,0.0,arma_threshold_ma,no_position
285,1970-04-09 14:30:00+00:00,0.03125,arma_threshold_ma,short
290,1970-04-16 14:30:00+00:00,-0.015625,arma_threshold_ma,short
295,1970-04-23 14:30:00+00:00,0.09375,arma_threshold_ma,short
300,1970-04-30 13:30:00+00:00,0.015625,arma_threshold_ma,short
305,1970-05-07 13:30:00+00:00,0.078125,arma_threshold_ma,short
310,1970-05-14 13:30:00+00:00,0.10156199999999993,arma_threshold_ma,short
315,1970-05-21 13:30:00+00:00,0.0,arma_threshold_ma,no_position
320,1970-05-28 13:30:00+00:00,0.0,arma_threshold_ma,no_position
325,1970-06-04 13:30:00+00:00,0.0,arma_threshold_ma,no_position
330,1970-06-11 13:30:00+00:00,-0.03906300000000007,arma_threshold_ma,short
335,1970-06-18 13:30:00+00:00,0.0,arma_threshold_ma,no_position
340,1970-06-25 13:30:00+00:00,-0.07031300000000007,arma_threshold_ma,short
345,1970-07-02 13:30:00+00:00,0.11718800000000007,arma_threshold_ma,short
350,1970-07-10 13:30:00+00:00,0.02343699999999993,arma_threshold_ma,short
355,1970-07-17 13:30:00+00:00,0.0,arma_threshold_ma,no_position
360,1970-07-24 13:30:00+00:00,0.16406199999999993,arma_threshold_ma,long
365,1970-07-31 13:30:00+00:00,0.0,arma_threshold_ma,no_position
370,1970-08-07 13:30:00+00:00,0.0,arma_threshold_ma,no_position
375,1970-08-14 13:30:00+00:00,0.03125,arma_threshold_ma,long
380,1970-08-21 13:30:00+00:00,0.0,arma_threshold_ma,no_position
385,1970-08-28 13:30:00+00:00,0.24218699999999993,arma_threshold_ma,long
390,1970-09-04 13:30:00+00:00,0.046875,arma_threshold_ma,long
395,1970-09-14 13:30:00+00:00,0.0,arma_threshold_ma,no_position
400,1970-09-21 13:30:00+00:00,-0.08593800000000007,arma_threshold_ma,long
405,1970-09-28 13:30:00+00:00,0.0,arma_threshold_ma,no_position
410,1970-10-05 13:30:00+00:00,0.0,arma_threshold_ma,no_position
415,1970-10-12 13:30:00+00:00,0.0625,arma_threshold_ma,long
420,1970-10-19 13:30:00+00:00,0.0,arma_threshold_ma,long
425,1970-10-26 14:30:00+00:00,0.0,arma_threshold_ma,no_position
430,1970-11-02 14:30:00+00:00,0.0,arma_threshold_ma,no_position
435,1970-11-09 14:30:00+00:00,0.046875,arma_threshold_ma,long
440,1970-11-16 14:30:00+00:00,0.0,arma_threshold_ma,no_position
445,1970-11-23 14:30:00+00:00,0.0,arma_threshold_ma,no_position
450,1970-12-01 14:30:00+00:00,-0.02343699999999993,arma_threshold_ma,long
455,1970-12-08 14:30:00+00:00,0.203125,arma_threshold_ma,long
460,1970-12-15 14:30:00+00:00,0.0625,arma_threshold_ma,long
465,1970-12-22 14:30:00+00:00,0.03125,arma_threshold_ma,long
470,1970-12-30 14:30:00+00:00,0.03906199999999993,arma_threshold_ma,long
475,1971-01-07 14:30:00+00:00,0.0,arma_threshold_ma,no_position
480,1971-01-14 14:30:00+00:00,0.0,arma_threshold_ma,no_position
485,1971-01-21 14:30:00+00:00,-0.19531300000000007,arma_threshold_ma,long
490,1971-01-28 14:30:00+00:00,0.0,arma_threshold_ma,no_position
495,1971-02-04 14:30:00+00:00,-0.02343699999999993,arma_threshold_ma,long
500,1971-02-11 14:30:00+00:00,0.0,arma_threshold_ma,no_position
505,1971-02-19 14:30:00+00:00,0.015625,arma_threshold_ma,long
510,1971-02-26 14:30:00+00:00,0.11718699999999993,arma_threshold_ma,long
515,1971-03-05 14:30:00+00:00,0.0,arma_threshold_ma,no_position
520,1971-03-12 14:30:00+00:00,0.1875,arma_threshold_ma,long
525,1971-03-19 14:30:00+00:00,0.0,arma_threshold_ma,no_position
530,1971-03-26 14:30:00+00:00,0.0,arma_threshold_ma,no_position
535,1971-04-02 14:30:00+00:00,0.0,arma_threshold_ma,no_position
540,1971-04-12 14:30:00+00:00,-0.02343800000000007,arma_threshold_ma,long
545,1971-04-19 14:30:00+00:00,0.22656300000000007,arma_threshold_ma,long
550,1971-04-26 13:30:00+00:00,0.171875,arma_threshold_ma,long
555,1971-05-03 13:30:00+00:00,0.0,arma_threshold_ma,no_position
560,1971-05-10 13:30:00+00:00,0.0,arma_threshold_ma,no_position
565,1971-05-17 13:30:00+00:00,0.0,arma_threshold_ma,no_position
570,1971-05-24 13:30:00+00:00,0.0,arma_threshold_ma,no_position
575,1971-06-01 13:30:00+00:00,0.0625,arma_threshold_ma,short
580,1971-06-08 13:30:00+00:00,0.0,arma_threshold_ma,no_position
585,1971-06-15 13:30:00+00:00,0.0,arma_threshold_ma,no_position
590,1971-06-22 13:30:00+00:00,0.0,arma_threshold_ma,no_position
595,1971-06-29 13:30:00+00:00,0.0,arma_threshold_ma,no_position
600,1971-07-07 13:30:00+00:00,0.0,arma_threshold_ma,no_position
605,1971-07-14 13:30:00+00:00,-0.00781199999999993,arma_threshold_ma,short
610,1971-07-21 13:30:00+00:00,0.0,arma_threshold_ma,no_position
615,1971-07-28 13:30:00+00:00,0.0,arma_threshold_ma,no_position
620,1971-08-04 13:30:00+00:00,-0.03125,arma_threshold_ma,short
625,1971-08-11 13:30:00+00:00,0.125,arma_threshold_ma,short
630,1971-08-18 13:30:00+00:00,0.03125,arma_threshold_ma,short
635,1971-08-25 13:30:00+00:00,0.0,arma_threshold_ma,no_position
640,1971-09-01 13:30:00+00:00,-0.16406199999999993,arma_threshold_ma,short
645,1971-09-09 13:30:00+00:00,0.0,arma_threshold_ma,no_position
650,1971-09-16 13:30:00+00:00,0.0,arma_threshold_ma,no_position
655,1971-09-23 13:30:00+00:00,0.00781300000000007,arma_threshold_ma,short
660,1971-09-30 13:30:00+00:00,0.0,arma_threshold_ma,no_position
665,1971-10-07 13:30:00+00:00,0.0,arma_threshold_ma,no_position
670,1971-10-14 13:30:00+00:00,0.00781300000000007,arma_threshold_ma,short
675,1971-10-21 13:30:00+00:00,0.07031199999999993,arma_threshold_ma,short
680,1971-10-28 13:30:00+00:00,0.14843800000000007,arma_threshold_ma,short
685,1971-11-04 14:30:00+00:00,0.11718800000000007,arma_threshold_ma,long
690,1971-11-11 14:30:00+00:00,0.00781300000000007,arma_threshold_ma,short
695,1971-11-18 14:30:00+00:00,0.0,arma_threshold_ma,no_position
700,1971-11-26 14:30:00+00:00,-0.02343800000000007,arma_threshold_ma,short
705,1971-12-03 14:30:00+00:00,0.0,arma_threshold_ma,no_position
710,1971-12-10 14:30:00+00:00,0.0,arma_threshold_ma,no_position
715,1971-12-17 14:30:00+00:00,0.0,arma_threshold_ma,no_position
720,1971-12-27 14:30:00+00:00,-0.11718699999999993,arma_threshold_ma,short
725,1972-01-03 14:30:00+00:00,-0.03906199999999993,arma_threshold_ma,long
730,1972-01-10 14:30:00+00:00,0.16406199999999993,arma_threshold_ma,long
735,1972-01-17 14:30:00+00:00,0.0,arma_threshold_ma,no_position
740,1972-01-24 14:30:00+00:00,0.02343699999999993,arma_threshold_ma,long
745,1972-01-31 14:30:00+00:00,0.00781300000000007,arma_threshold_ma,long
750,1972-02-07 14:30:00+00:00,0.0,arma_threshold_ma,no_position
755,1972-02-14 14:30:00+00:00,0.0,arma_threshold_ma,no_position
760,1972-02-22 14:30:00+00:00,0.0,arma_threshold_ma,no_position
765,1972-02-29 14:30:00+00:00,0.02343699999999993,arma_threshold_ma,long
770,1972-03-07 14:30:00+00:00,0.11718800000000007,arma_threshold_ma,long
775,1972-03-14 14:30:00+00:00,0.0,arma_threshold_ma,no_position
780,1972-03-21 14:30:00+00:00,0.0,arma_threshold_ma,no_position
785,1972-03-28 14:30:00+00:00,0.05468800000000007,arma_threshold_ma,short
790,1972-04-05 14:30:00+00:00,0.15625,arma_threshold_ma,short
795,1972-04-12 14:30:00+00:00,-0.03906300000000007,arma_threshold_ma,short
800,1972-04-19 14:30:00+00:00,0.0,arma_threshold_ma,no_position
805,1972-04-26 14:30:00+00:00,-0.03906199999999993,arma_threshold_ma,short
810,1972-05-03 13:30:00+00:00,0.0,arma_threshold_ma,no_position
815,1972-05-10 13:30:00+00:00,0.0,arma_threshold_ma,no_position
820,1972-05-17 13:30:00+00:00,0.015625,arma_threshold_ma,short
825,1972-05-24 13:30:00+00:00,-0.03906300000000007,arma_threshold_ma,short
830,1972-06-01 13:30:00+00:00,0.0,arma_threshold_ma,no_position
835,1972-06-08 13:30:00+00:00,0.0,arma_threshold_ma,no_position
840,1972-06-15 13:30:00+00:00,-0.07031199999999993,arma_threshold_ma,long
845,1972-06-22 13:30:00+00:00,0.17968699999999993,arma_threshold_ma,long
850,1972-06-29 13:30:00+00:00,0.0,arma_threshold_ma,no_position
855,1972-07-07 13:30:00+00:00,-0.13281199999999993,arma_threshold_ma,long
860,1972-07-14 13:30:00+00:00,0.0,arma_threshold_ma,no_position
865,1972-07-21 13:30:00+00:00,-0.046875,arma_threshold_ma,long
870,1972-07-28 13:30:00+00:00,0.0,arma_threshold_ma,no_position
875,1972-08-04 13:30:00+00:00,-0.17968800000000007,arma_threshold_ma,long
880,1972-08-11 13:30:00+00:00,0.21875,arma_threshold_ma,long
885,1972-08-18 13:30:00+00:00,0.03906300000000007,arma_threshold_ma,long
890,1972-08-25 13:30:00+00:00,0.18749999999999956,arma_threshold_ma,long
895,1972-09-01 13:30:00+00:00,0.08593700000000037,arma_threshold_ma,long
900,1972-09-11 13:30:00+00:00,0.0,arma_threshold_ma,no_position
905,1972-09-18 13:30:00+00:00,0.0,arma_threshold_ma,no_position
910,1972-09-25 13:30:00+00:00,0.046875,arma_threshold_ma,long
915,1972-10-02 13:30:00+00:00,0.078125,arma_threshold_ma,long
920,1972-10-09 13:30:00+00:00,0.11718799999999963,arma_threshold_ma,long
925,1972-10-16 13:30:00+00:00,0.09375,arma_threshold_ma,long
930,1972-10-23 13:30:00+00:00,0.0,arma_threshold_ma,long
935,1972-10-30 14:30:00+00:00,0.054687000000000374,arma_threshold_ma,long
940,1972-11-06 14:30:00+00:00,0.08593799999999963,arma_threshold_ma,long
945,1972-11-14 14:30:00+00:00,0.09375,arma_threshold_ma,long
950,1972-11-21 14:30:00+00:00,0.08593700000000037,arma_threshold_ma,long
955,1972-11-29 14:30:00+00:00,0.11718799999999963,arma_threshold_ma,long
960,1972-12-06 14:30:00+00:00,0.0,arma_threshold_ma,no_position
965,1972-12-13 14:30:00+00:00,0.078125,arma_threshold_ma,long
970,1972-12-20 14:30:00+00:00,0.0,arma_threshold_ma,no_position
975,1972-12-29 14:30:00+00:00,0.0,arma_threshold_ma,no_position
980,1973-01-08 14:30:00+00:00,0.046875,arma_threshold_ma,long
985,1973-01-15 14:30:00+00:00,0.21093700000000037,arma_threshold_ma,long
990,1973-01-22 14:30:00+00:00,0.10156299999999963,arma_threshold_ma,long
995,1973-01-30 14:30:00+00:00,0.16406200000000037,arma_threshold_ma,long
1000,1973-02-06 14:30:00+00:00,-0.03125,arma_threshold_ma,long
1005,1973-02-13 14:30:00+00:00,0.0,arma_threshold_ma,no_position
1010,1973-02-21 14:30:00+00:00,0.0,arma_threshold_ma,no_position
1015,1973-02-28 14:30:00+00:00,0.0,arma_threshold_ma,no_position
1020,1973-03-07 14:30:00+00:00,0.0,arma_threshold_ma,no_position
1025,1973-03-14 14:30:00+00:00,0.28125,arma_threshold_ma,long
1030,1973-03-21 14:30:00+00:00,0.0,arma_threshold_ma,no_position
1035,1973-03-28 14:30:00+00:00,0.0,arma_threshold_ma,no_position
1040,1973-04-04 14:30:00+00:00,-0.203125,arma_threshold_ma,short
1045,1973-04-11 14:30:00+00:00,0.0,arma_threshold_ma,no_position
1050,1973-04-18 14:30:00+00:00,0.3828129999999996,arma_threshold_ma,long
1055,1973-04-26 14:30:00+00:00,-0.03125,arma_threshold_ma,long
1060,1973-05-03 13:30:00+00:00,0.0,arma_threshold_ma,no_position
1065,1973-05-10 13:30:00+00:00,0.0,arma_threshold_ma,no_position
1070,1973-05-17 13:30:00+00:00,0.0,arma_threshold_ma,no_position
1075,1973-05-24 13:30:00+00:00,0.21093799999999963,arma_threshold_ma,short
1080,1973-06-01 13:30:00+00:00,0.0,arma_threshold_ma,no_position
1085,1973-06-08 13:30:00+00:00,0.0,arma_threshold_ma,no_position
1090,1973-06-15 13:30:00+00:00,0.0,arma_threshold_ma,no_position
1095,1973-06-22 13:30:00+00:00,0.25,arma_threshold_ma,short
1100,1973-06-29 13:30:00+00:00,0.0,arma_threshold_ma,no_position
1105,1973-07-09 13:30:00+00:00,0.0,arma_threshold_ma,no_position
1110,1973-07-16 13:30:00+00:00,0.046875,arma_threshold_ma,short
1115,1973-07-23 13:30:00+00:00,0.0,arma_threshold_ma,no_position
1120,1973-07-30 13:30:00+00:00,0.0,arma_threshold_ma,no_position
1125,1973-08-06 13:30:00+00:00,-0.21093799999999963,arma_threshold_ma,short
1130,1973-08-13 13:30:00+00:00,0.15625,arma_threshold_ma,short
1135,1973-08-20 13:30:00+00:00,0.24218799999999963,arma_threshold_ma,short
1140,1973-08-27 13:30:00+00:00,0.15625,arma_threshold_ma,short
1145,1973-09-04 13:30:00+00:00,0.0,arma_threshold_ma,no_position
1150,1973-09-11 13:30:00+00:00,-0.10156199999999993,arma_threshold_ma,short
1155,1973-09-18 13:30:00+00:00,0.125,arma_threshold_ma,short
1160,1973-09-25 13:30:00+00:00,0.0,arma_threshold_ma,no_position
1165,1973-10-02 13:30:00+00:00,0.0,arma_threshold_ma,no_position
1170,1973-10-09 13:30:00+00:00,0.0,arma_threshold_ma,no_position
1175,1973-10-16 13:30:00+00:00,-0.023437999999999626,arma_threshold_ma,short
1180,1973-10-23 13:30:00+00:00,0.0,arma_threshold_ma,no_position
1185,1973-10-30 14:30:00+00:00,0.203125,arma_threshold_ma,long
1190,1973-11-06 14:30:00+00:00,0.0,arma_threshold_ma,no_position
1195,1973-11-13 14:30:00+00:00,0.0,arma_threshold_ma,no_position
1200,1973-11-20 14:30:00+00:00,0.078125,arma_threshold_ma,short
1205,1973-11-28 14:30:00+00:00,0.1875,arma_threshold_ma,short
1210,1973-12-05 14:30:00+00:00,0.171875,arma_threshold_ma,short
1215,1973-12-12 14:30:00+00:00,0.0,arma_threshold_ma,no_position
1220,1973-12-19 14:30:00+00:00,0.0,arma_threshold_ma,no_position
1225,1973-12-27 14:30:00+00:00,0.0,arma_threshold_ma,no_position
1230,1974-01-04 14:30:00+00:00,0.40625,arma_threshold_ma,long
1235,1974-01-11 13:30:00+00:00,0.0,arma_threshold_ma,no_position
1240,1974-01-18 13:30:00+00:00,0.609375,arma_threshold_ma,short
1245,1974-01-25 13:30:00+00:00,0.140625,arma_threshold_ma,short
1250,1974-02-01 13:30:00+00:00,0.0,arma_threshold_ma,no_position
1255,1974-02-08 13:30:00+00:00,-0.078125,arma_threshold_ma,short
1260,1974-02-15 13:30:00+00:00,0.0,arma_threshold_ma,no_position
1265,1974-02-25 13:30:00+00:00,-0.1875,arma_threshold_ma,long
1270,1974-03-04 13:30:00+00:00,0.0,arma_threshold_ma,no_position
1275,1974-03-11 13:30:00+00:00,0.0,arma_threshold_ma,no_position
1280,1974-03-18 13:30:00+00:00,0.0,arma_threshold_ma,no_position
1285,1974-03-25 13:30:00+00:00,0.109375,arma_threshold_ma,short
1290,1974-04-01 13:30:00+00:00,0.125,arma_threshold_ma,short
1295,1974-04-08 13:30:00+00:00,0.125,arma_threshold_ma,short
1300,1974-04-16 13:30:00+00:00,0.140625,arma_threshold_ma,short
1305,1974-04-23 13:30:00+00:00,0.0,arma_threshold_ma,no_position
1310,1974-04-30 13:30:00+00:00,0.0,arma_threshold_ma,no_position
1315,1974-05-07 13:30:00+00:00,0.09375,arma_threshold_ma,long
1320,1974-05-14 13:30:00+00:00,0.0,arma_threshold_ma,no_position
1325,1974-05-21 13:30:00+00:00,0.0,arma_threshold_ma,no_position
1330,1974-05-29 13:30:00+00:00,0.0,arma_threshold_ma,no_position
1335,1974-06-05 13:30:00+00:00,0.0,arma_threshold_ma,no_position
1340,1974-06-12 13:30:00+00:00,0.0,arma_threshold_ma,no_position
1345,1974-06-19 13:30:00+00:00,0.015625,arma_threshold_ma,short
1350,1974-06-26 13:30:00+00:00,0.0,arma_threshold_ma,no_position
1355,1974-07-03 13:30:00+00:00,-0.015625,arma_threshold_ma,short
1360,1974-07-11 13:30:00+00:00,0.03125,arma_threshold_ma,short
1365,1974-07-18 13:30:00+00:00,0.0,arma_threshold_ma,no_position
1370,1974-07-25 13:30:00+00:00,0.0,arma_threshold_ma,no_position
1375,1974-08-01 13:30:00+00:00,-0.3125,arma_threshold_ma,short
1380,1974-08-08 13:30:00+00:00,0.0,arma_threshold_ma,no_position
1385,1974-08-15 13:30:00+00:00,0.0,arma_threshold_ma,no_position
1390,1974-08-22 13:30:00+00:00,0.140625,arma_threshold_ma,short
1395,1974-08-29 13:30:00+00:00,0.0,arma_threshold_ma,no_position
1400,1974-09-06 13:30:00+00:00,0.0,arma_threshold_ma,no_position
1405,1974-09-13 13:30:00+00:00,-0.3125,arma_threshold_ma,short
1410,1974-09-20 13:30:00+00:00,0.0,arma_threshold_ma,no_position
1415,1974-09-27 13:30:00+00:00,-0.046875,arma_threshold_ma,short
1420,1974-10-04 13:30:00+00:00,0.171875,arma_threshold_ma,short
1425,1974-10-11 13:30:00+00:00,0.0,arma_threshold_ma,no_position
1430,1974-10-18 13:30:00+00:00,0.0,arma_threshold_ma,no_position
1435,1974-10-25 13:30:00+00:00,-0.171875,arma_threshold_ma,short
1440,1974-11-01 14:30:00+00:00,0.0,arma_threshold_ma,no_position
1445,1974-11-08 14:30:00+00:00,0.0,arma_threshold_ma,no_position
1450,1974-11-15 14:30:00+00:00,0.0,arma_threshold_ma,no_position
1455,1974-11-22 14:30:00+00:00,0.109375,arma_threshold_ma,short
1460,1974-12-02 14:30:00+00:00,0.1875,arma_threshold_ma,short
1465,1974-12-09 14:30:00+00:00,0.0625,arma_threshold_ma,short
1470,1974-12-16 14:30:00+00:00,0.0,arma_threshold_ma,no_position
1475,1974-12-23 14:30:00+00:00,0.0,arma_threshold_ma,no_position
1480,1974-12-31 14:30:00+00:00,0.0,arma_threshold_ma,no_position
1485,1975-01-08 14:30:00+00:00,0.0,arma_threshold_ma,no_position
1490,1975-01-15 14:30:00+00:00,0.0,arma_threshold_ma,no_position
1495,1975-01-22 14:30:00+00:00,0.015625,arma_threshold_ma,short
1500,1975-01-29 14:30:00+00:00,0.109375,arma_threshold_ma,long
1505,1975-02-05 14:30:00+00:00,0.265625,arma_threshold_ma,long
1510,1975-02-12 14:30:00+00:00,0.0,arma_threshold_ma,no_position
1515,1975-02-20 14:30:00+00:00,-0.078125,arma_threshold_ma,long
1520,1975-02-27 13:30:00+00:00,0.0,arma_threshold_ma,no_position
1525,1975-03-06 13:30:00+00:00,-0.078125,arma_threshold_ma,long
1530,1975-03-13 13:30:00+00:00,0.0,arma_threshold_ma,no_position
1535,1975-03-20 13:30:00+00:00,0.0,arma_threshold_ma,no_position
1540,1975-03-27 13:30:00+00:00,0.0,arma_threshold_ma,no_position
1545,1975-04-04 13:30:00+00:00,0.0,arma_threshold_ma,no_position
1550,1975-04-11 13:30:00+00:00,0.0,arma_threshold_ma,no_position
1555,1975-04-18 13:30:00+00:00,0.0,arma_threshold_ma,no_position
1560,1975-04-25 13:30:00+00:00,-0.03125,arma_threshold_ma,short
1565,1975-05-02 13:30:00+00:00,0.0,arma_threshold_ma,no_position
1570,1975-05-09 13:30:00+00:00,0.0,arma_threshold_ma,no_position
1575,1975-05-16 13:30:00+00:00,0.390625,arma_threshold_ma,long
1580,1975-05-23 13:30:00+00:00,0.0,arma_threshold_ma,no_position
1585,1975-06-02 13:30:00+00:00,-0.125,arma_threshold_ma,long
1590,1975-06-09 13:30:00+00:00,0.4375,arma_threshold_ma,long
1595,1975-06-16 13:30:00+00:00,0.0,arma_threshold_ma,no_position
1600,1975-06-23 13:30:00+00:00,-0.015625,arma_threshold_ma,long
1605,1975-06-30 13:30:00+00:00,-0.015625,arma_threshold_ma,long
1610,1975-07-08 13:30:00+00:00,0.0,arma_threshold_ma,no_position
1615,1975-07-15 13:30:00+00:00,-0.21875,arma_threshold_ma,long
1620,1975-07-22 13:30:00+00:00,0.0,arma_threshold_ma,no_position
1625,1975-07-29 13:30:00+00:00,0.0,arma_threshold_ma,no_position
1630,1975-08-05 13:30:00+00:00,0.0,arma_threshold_ma,no_position
1635,1975-08-12 13:30:00+00:00,0.0,arma_threshold_ma,no_position
1640,1975-08-19 13:30:00+00:00,0.0,arma_threshold_ma,no_position
1645,1975-08-26 13:30:00+00:00,0.203125,arma_threshold_ma,short
1650,1975-09-03 13:30:00+00:00,0.0,arma_threshold_ma,no_position
1655,1975-09-10 13:30:00+00:00,0.0,arma_threshold_ma,no_position
1660,1975-09-17 13:30:00+00:00,0.0,arma_threshold_ma,no_position
1665,1975-09-24 13:30:00+00:00,0.0,arma_threshold_ma,no_position
1670,1975-10-01 13:30:00+00:00,-0.125,arma_threshold_ma,short
1675,1975-10-08 13:30:00+00:00,0.0,arma_threshold_ma,no_position
1680,1975-10-15 13:30:00+00:00,0.0,arma_threshold_ma,no_position
1685,1975-10-22 13:30:00+00:00,0.15625,arma_threshold_ma,long
1690,1975-10-29 14:30:00+00:00,0.0,arma_threshold_ma,no_position
1695,1975-11-05 14:30:00+00:00,0.0,arma_threshold_ma,no_position
1700,1975-11-12 14:30:00+00:00,0.0,arma_threshold_ma,no_position
1705,1975-11-19 14:30:00+00:00,0.0,arma_threshold_ma,no_position
1710,1975-11-26 14:30:00+00:00,-0.015625,arma_threshold_ma,short
1715,1975-12-04 14:30:00+00:00,-0.015625,arma_threshold_ma,short
1720,1975-12-11 14:30:00+00:00,0.0,arma_threshold_ma,no_position
1725,1975-12-18 14:30:00+00:00,-0.015625,arma_threshold_ma,short
1730,1975-12-26 14:30:00+00:00,0.0,arma_threshold_ma,no_position
1735,1976-01-05 14:30:00+00:00,0.0,arma_threshold_ma,no_position
1740,1976-01-12 14:30:00+00:00,0.0,arma_threshold_ma,no_position
1745,1976-01-19 14:30:00+00:00,0.0,arma_threshold_ma,no_position
1750,1976-01-26 14:30:00+00:00,0.015625,arma_threshold_ma,long
1755,1976-02-02 14:30:00+00:00,-0.0625,arma_threshold_ma,long
1760,1976-02-09 14:30:00+00:00,0.0,arma_threshold_ma,no_position
1765,1976-02-17 14:30:00+00:00,0.03125,arma_threshold_ma,long
1770,1976-02-24 14:30:00+00:00,0.0,arma_threshold_ma,no_position
1775,1976-03-02 14:30:00+00:00,0.0,arma_threshold_ma,no_position
1780,1976-03-09 14:30:00+00:00,0.0,arma_threshold_ma,no_position
1785,1976-03-16 14:30:00+00:00,-0.078125,arma_threshold_ma,long
1790,1976-03-23 14:30:00+00:00,0.0,arma_threshold_ma,no_position
1795,1976-03-30 14:30:00+00:00,0.234375,arma_threshold_ma,long
1800,1976-04-06 14:30:00+00:00,0.0,arma_threshold_ma,no_position
1805,1976-04-13 14:30:00+00:00,0.0,arma_threshold_ma,long
1810,1976-04-21 14:30:00+00:00,0.0625,arma_threshold_ma,long
1815,1976-04-28 13:30:00+00:00,0.15625,arma_threshold_ma,long
1820,1976-05-05 13:30:00+00:00,0.125,arma_threshold_ma,long
1825,1976-05-12 13:30:00+00:00,0.03125,arma_threshold_ma,long
1830,1976-05-19 13:30:00+00:00,0.0,arma_threshold_ma,no_position
1835,1976-05-26 13:30:00+00:00,0.0,arma_threshold_ma,no_position
1840,1976-06-03 13:30:00+00:00,-0.109375,arma_threshold_ma,long
1845,1976-06-10 13:30:00+00:00,0.0,arma_threshold_ma,no_position
1850,1976-06-17 13:30:00+00:00,0.03125,arma_threshold_ma,long
1855,1976-06-24 13:30:00+00:00,0.0,arma_threshold_ma,no_position
1860,1976-07-01 13:30:00+00:00,-0.03125,arma_threshold_ma,long
1865,1976-07-09 13:30:00+00:00,0.078125,arma_threshold_ma,long
1870,1976-07-16 13:30:00+00:00,0.0,arma_threshold_ma,no_position
1875,1976-07-23 13:30:00+00:00,0.0,arma_threshold_ma,no_position
1880,1976-07-30 13:30:00+00:00,0.0,arma_threshold_ma,no_position
1885,1976-08-06 13:30:00+00:00,-0.015625,arma_threshold_ma,long
1890,1976-08-13 13:30:00+00:00,0.046875,arma_threshold_ma,long
1895,1976-08-20 13:30:00+00:00,0.0,arma_threshold_ma,no_position
1900,1976-08-27 13:30:00+00:00,0.0,arma_threshold_ma,no_position
1905,1976-09-03 13:30:00+00:00,0.0,arma_threshold_ma,no_position
1910,1976-09-13 13:30:00+00:00,0.0,arma_threshold_ma,no_position
1915,1976-09-20 13:30:00+00:00,0.0,arma_threshold_ma,no_position
1920,1976-09-27 13:30:00+00:00,0.0,arma_threshold_ma,no_position
1925,1976-10-04 13:30:00+00:00,0.0,arma_threshold_ma,no_position
1930,1976-10-11 13:30:00+00:00,0.21875,arma_threshold_ma,short
1935,1976-10-18 13:30:00+00:00,0.140625,arma_threshold_ma,short
1940,1976-10-25 13:30:00+00:00,0.0,arma_threshold_ma,no_position
1945,1976-11-01 14:30:00+00:00,0.0,arma_threshold_ma,no_position
1950,1976-11-09 14:30:00+00:00,-0.15625,arma_threshold_ma,short
1955,1976-11-16 14:30:00+00:00,0.375,arma_threshold_ma,short
1960,1976-11-23 14:30:00+00:00,0.0,arma_threshold_ma,no_position
1965,1976-12-01 14:30:00+00:00,0.0,arma_threshold_ma,no_position
1970,1976-12-08 14:30:00+00:00,0.0,arma_threshold_ma,no_position
1975,1976-12-15 14:30:00+00:00,0.0,arma_threshold_ma,no_position
1980,1976-12-22 14:30:00+00:00,0.03125,arma_threshold_ma,long
1985,1976-12-30 14:30:00+00:00,0.15625,arma_threshold_ma,long
1990,1977-01-06 14:30:00+00:00,0.0,arma_threshold_ma,no_position
1995,1977-01-13 14:30:00+00:00,0.0,arma_threshold_ma,no_position
2000,1977-01-20 14:30:00+00:00,0.0,arma_threshold_ma,long
2005,1977-01-27 14:30:00+00:00,0.09375,arma_threshold_ma,long
2010,1977-02-03 14:30:00+00:00,0.203125,arma_threshold_ma,long
2015,1977-02-10 14:30:00+00:00,0.0,arma_threshold_ma,no_position
2020,1977-02-17 14:30:00+00:00,0.0,arma_threshold_ma,no_position
2025,1977-02-25 14:30:00+00:00,0.0,arma_threshold_ma,no_position
2030,1977-03-04 14:30:00+00:00,-0.03125,arma_threshold_ma,long
2035,1977-03-11 14:30:00+00:00,0.0,arma_threshold_ma,no_position
2040,1977-03-18 14:30:00+00:00,0.0,arma_threshold_ma,long
2045,1977-03-25 14:30:00+00:00,0.0,arma_threshold_ma,no_position
2050,1977-04-01 14:30:00+00:00,0.0,arma_threshold_ma,no_position
2055,1977-04-11 14:30:00+00:00,0.0,arma_threshold_ma,no_position
2060,1977-04-18 14:30:00+00:00,0.0,arma_threshold_ma,no_position
2065,1977-04-25 13:30:00+00:00,-0.03125,arma_threshold_ma,short
2070,1977-05-02 13:30:00+00:00,0.0,arma_threshold_ma,no_position
2075,1977-05-09 13:30:00+00:00,0.296875,arma_threshold_ma,long
2080,1977-05-16 13:30:00+00:00,-0.09375,arma_threshold_ma,long
2085,1977-05-23 13:30:00+00:00,0.234375,arma_threshold_ma,long
2090,1977-05-31 13:30:00+00:00,0.0,arma_threshold_ma,no_position
2095,1977-06-07 13:30:00+00:00,0.046875,arma_threshold_ma,long
2100,1977-06-14 13:30:00+00:00,-0.046875,arma_threshold_ma,long
2105,1977-06-21 13:30:00+00:00,0.0,arma_threshold_ma,no_position
2110,1977-06-28 13:30:00+00:00,-0.03125,arma_threshold_ma,long
2115,1977-07-06 13:30:00+00:00,0.0,arma_threshold_ma,no_position
2120,1977-07-13 13:30:00+00:00,-0.03125,arma_threshold_ma,long
2125,1977-07-21 13:30:00+00:00,0.28125,arma_threshold_ma,long
2130,1977-07-28 13:30:00+00:00,0.0,arma_threshold_ma,no_position
2135,1977-08-04 13:30:00+00:00,-0.21875,arma_threshold_ma,long
2140,1977-08-11 13:30:00+00:00,0.0,arma_threshold_ma,no_position
2145,1977-08-18 13:30:00+00:00,0.0,arma_threshold_ma,no_position
2150,1977-08-25 13:30:00+00:00,0.3125,arma_threshold_ma,short
2155,1977-09-01 13:30:00+00:00,0.0,arma_threshold_ma,no_position
2160,1977-09-09 13:30:00+00:00,0.0,arma_threshold_ma,no_position
2165,1977-09-16 13:30:00+00:00,0.0,arma_threshold_ma,no_position
2170,1977-09-23 13:30:00+00:00,-0.046875,arma_threshold_ma,short
2175,1977-09-30 13:30:00+00:00,0.0,arma_threshold_ma,no_position
2180,1977-10-07 13:30:00+00:00,-0.171875,arma_threshold_ma,short
2185,1977-10-14 13:30:00+00:00,0.0625,arma_threshold_ma,short
2190,1977-10-21 13:30:00+00:00,0.171875,arma_threshold_ma,short
2195,1977-10-28 13:30:00+00:00,0.078125,arma_threshold_ma,short
2200,1977-11-04 14:30:00+00:00,0.03125,arma_threshold_ma,short
2205,1977-11-11 14:30:00+00:00,0.0,arma_threshold_ma,no_position
2210,1977-11-18 14:30:00+00:00,0.0,arma_threshold_ma,no_position
2215,1977-11-28 14:30:00+00:00,0.09375,arma_threshold_ma,short
2220,1977-12-05 14:30:00+00:00,0.0,arma_threshold_ma,no_position
2225,1977-12-12 14:30:00+00:00,0.0,arma_threshold_ma,no_position
2230,1977-12-19 14:30:00+00:00,-0.046875,arma_threshold_ma,short
2235,1977-12-27 14:30:00+00:00,0.0,arma_threshold_ma,no_position
2240,1978-01-04 14:30:00+00:00,-0.015625,arma_threshold_ma,short
2245,1978-01-11 14:30:00+00:00,0.203125,arma_threshold_ma,short
2250,1978-01-18 14:30:00+00:00,0.296875,arma_threshold_ma,short
2255,1978-01-25 14:30:00+00:00,0.0,arma_threshold_ma,no_position
2260,1978-02-01 14:30:00+00:00,0.0,arma_threshold_ma,no_position
2265,1978-02-08 14:30:00+00:00,0.0,arma_threshold_ma,no_position
2270,1978-02-15 14:30:00+00:00,-0.15625,arma_threshold_ma,short
2275,1978-02-23 14:30:00+00:00,0.078125,arma_threshold_ma,short
2280,1978-03-02 14:30:00+00:00,-0.03125,arma_threshold_ma,short
2285,1978-03-09 14:30:00+00:00,0.0,arma_threshold_ma,no_position
2290,1978-03-16 14:30:00+00:00,0.0,arma_threshold_ma,no_position
2295,1978-03-23 14:30:00+00:00,0.1875,arma_threshold_ma,long
2300,1978-03-31 14:30:00+00:00,0.0,arma_threshold_ma,no_position
2305,1978-04-07 14:30:00+00:00,-0.046875,arma_threshold_ma,long
2310,1978-04-14 14:30:00+00:00,0.0,arma_threshold_ma,no_position
2315,1978-04-21 14:30:00+00:00,0.09375,arma_threshold_ma,long
2320,1978-04-28 14:30:00+00:00,0.046875,arma_threshold_ma,long
2325,1978-05-05 13:30:00+00:00,0.375,arma_threshold_ma,long
2330,1978-05-12 13:30:00+00:00,0.0,arma_threshold_ma,no_position
2335,1978-05-19 13:30:00+00:00,0.0,arma_threshold_ma,no_position
2340,1978-05-26 13:30:00+00:00,0.0,arma_threshold_ma,no_position
2345,1978-06-05 13:30:00+00:00,-0.234375,arma_threshold_ma,long
2350,1978-06-12 13:30:00+00:00,0.21875,arma_threshold_ma,long
2355,1978-06-19 13:30:00+00:00,0.0,arma_threshold_ma,no_position
2360,1978-06-26 13:30:00+00:00,0.0,arma_threshold_ma,no_position
2365,1978-07-03 13:30:00+00:00,0.0,arma_threshold_ma,no_position
2370,1978-07-11 13:30:00+00:00,0.09375,arma_threshold_ma,short
2375,1978-07-18 13:30:00+00:00,0.0,arma_threshold_ma,no_position
2380,1978-07-25 13:30:00+00:00,0.0,arma_threshold_ma,no_position
2385,1978-08-01 13:30:00+00:00,0.0,arma_threshold_ma,no_position
2390,1978-08-08 13:30:00+00:00,-0.0625,arma_threshold_ma,short
2395,1978-08-15 13:30:00+00:00,-0.03125,arma_threshold_ma,long
2400,1978-08-22 13:30:00+00:00,0.0,arma_threshold_ma,no_position
2405,1978-08-29 13:30:00+00:00,0.0,arma_threshold_ma,no_position
2410,1978-09-06 13:30:00+00:00,0.0,arma_threshold_ma,long
2415,1978-09-13 13:30:00+00:00,0.5,arma_threshold_ma,long
2420,1978-09-20 13:30:00+00:00,0.0,arma_threshold_ma,no_position
2425,1978-09-27 13:30:00+00:00,-0.140625,arma_threshold_ma,long
2430,1978-10-04 13:30:00+00:00,0.078125,arma_threshold_ma,long
2435,1978-10-11 13:30:00+00:00,0.171875,arma_threshold_ma,long
2440,1978-10-18 13:30:00+00:00,0.0,arma_threshold_ma,no_position
2445,1978-10-25 13:30:00+00:00,0.0,arma_threshold_ma,no_position
2450,1978-11-01 14:30:00+00:00,0.0,arma_threshold_ma,no_position
2455,1978-11-08 14:30:00+00:00,-0.078125,arma_threshold_ma,long
2460,1978-11-15 14:30:00+00:00,0.0,arma_threshold_ma,no_position
2465,1978-11-22 14:30:00+00:00,0.0,arma_threshold_ma,no_position
2470,1978-11-30 14:30:00+00:00,-0.375,arma_threshold_ma,short
2475,1978-12-07 14:30:00+00:00,0.0,arma_threshold_ma,no_position
2480,1978-12-14 14:30:00+00:00,0.21875,arma_threshold_ma,long
2485,1978-12-21 14:30:00+00:00,0.0,arma_threshold_ma,no_position
2490,1978-12-29 14:30:00+00:00,0.0,arma_threshold_ma,no_position
2495,1979-01-08 14:30:00+00:00,0.0,arma_threshold_ma,no_position
2500,1979-01-15 14:30:00+00:00,0.0,arma_threshold_ma,no_position
2505,1979-01-22 14:30:00+00:00,-0.0625,arma_threshold_ma,long
2510,1979-01-29 14:30:00+00:00,-0.078125,arma_threshold_ma,long
2515,1979-02-05 14:30:00+00:00,0.0,arma_threshold_ma,no_position
2520,1979-02-12 14:30:00+00:00,0.15625,arma_threshold_ma,short
2525,1979-02-20 14:30:00+00:00,0.0,arma_threshold_ma,no_position
2530,1979-02-27 14:30:00+00:00,-0.109375,arma_threshold_ma,short
2535,1979-03-06 14:30:00+00:00,0.0,arma_threshold_ma,no_position
2540,1979-03-13 14:30:00+00:00,0.0,arma_threshold_ma,no_position
2545,1979-03-20 14:30:00+00:00,0.359375,arma_threshold_ma,long
2550,1979-03-27 14:30:00+00:00,0.0,arma_threshold_ma,no_position
2555,1979-04-03 14:30:00+00:00,-0.109375,arma_threshold_ma,long
2560,1979-04-10 14:30:00+00:00,0.109375,arma_threshold_ma,long
2565,1979-04-18 14:30:00+00:00,0.0,arma_threshold_ma,no_position
2570,1979-04-25 14:30:00+00:00,-0.140625,arma_threshold_ma,long
2575,1979-05-02 13:30:00+00:00,0.0,arma_threshold_ma,no_position
2580,1979-05-09 13:30:00+00:00,0.0,arma_threshold_ma,no_position
2585,1979-05-16 13:30:00+00:00,0.0,arma_threshold_ma,no_position
2590,1979-05-23 13:30:00+00:00,-0.15625,arma_threshold_ma,long
2595,1979-05-31 13:30:00+00:00,0.0,arma_threshold_ma,no_position
2600,1979-06-07 13:30:00+00:00,0.0,arma_threshold_ma,no_position
2605,1979-06-14 13:30:00+00:00,0.0,arma_threshold_ma,no_position
2610,1979-06-21 13:30:00+00:00,0.109375,arma_threshold_ma,short
2615,1979-06-28 13:30:00+00:00,0.0,arma_threshold_ma,no_position
2620,1979-07-06 13:30:00+00:00,0.1875,arma_threshold_ma,long
2625,1979-07-13 13:30:00+00:00,0.21875,arma_threshold_ma,long
2630,1979-07-20 13:30:00+00:00,0.125,arma_threshold_ma,long
2635,1979-07-27 13:30:00+00:00,0.09375,arma_threshold_ma,long
2640,1979-08-03 13:30:00+00:00,0.0,arma_threshold_ma,no_position
2645,1979-08-10 13:30:00+00:00,0.0,arma_threshold_ma,no_position
2650,1979-08-17 13:30:00+00:00,0.0,arma_threshold_ma,no_position
2655,1979-08-24 13:30:00+00:00,0.203125,arma_threshold_ma,long
2660,1979-08-31 13:30:00+00:00,0.53125,arma_threshold_ma,long
2665,1979-09-10 13:30:00+00:00,-0.015625,arma_threshold_ma,long
2670,1979-09-17 13:30:00+00:00,0.25,arma_threshold_ma,long
2675,1979-09-24 13:30:00+00:00,-0.0625,arma_threshold_ma,long
2680,1979-10-01 13:30:00+00:00,0.0,arma_threshold_ma,no_position
2685,1979-10-08 13:30:00+00:00,-0.125,arma_threshold_ma,long
2690,1979-10-15 13:30:00+00:00,0.0,arma_threshold_ma,no_position
2695,1979-10-22 13:30:00+00:00,0.0,arma_threshold_ma,no_position
2700,1979-10-29 14:30:00+00:00,0.0,arma_threshold_ma,no_position
2705,1979-11-05 14:30:00+00:00,-0.15625,arma_threshold_ma,long
2710,1979-11-12 14:30:00+00:00,-0.328125,arma_threshold_ma,short
2715,1979-11-19 14:30:00+00:00,0.21875,arma_threshold_ma,long
2720,1979-11-27 14:30:00+00:00,0.1875,arma_threshold_ma,long
2725,1979-12-04 14:30:00+00:00,0.25,arma_threshold_ma,short
2730,1979-12-11 14:30:00+00:00,-0.078125,arma_threshold_ma,short
2735,1979-12-18 14:30:00+00:00,0.0,arma_threshold_ma,no_position
2740,1979-12-26 14:30:00+00:00,-0.25,arma_threshold_ma,short
2745,1980-01-03 14:30:00+00:00,0.390625,arma_threshold_ma,short
2750,1980-01-10 14:30:00+00:00,0.0,arma_threshold_ma,no_position
2755,1980-01-17 14:30:00+00:00,-0.046875,arma_threshold_ma,long
2760,1980-01-24 14:30:00+00:00,0.0,arma_threshold_ma,no_position
2765,1980-01-31 14:30:00+00:00,0.84375,arma_threshold_ma,long
2770,1980-02-07 14:30:00+00:00,0.140625,arma_threshold_ma,long
2775,1980-02-14 14:30:00+00:00,1.3125,arma_threshold_ma,long
2780,1980-02-22 14:30:00+00:00,-0.25,arma_threshold_ma,long
2785,1980-02-29 14:30:00+00:00,0.828125,arma_threshold_ma,long
2790,1980-03-07 14:30:00+00:00,0.0,arma_threshold_ma,no_position
2795,1980-03-14 14:30:00+00:00,0.0,arma_threshold_ma,no_position
2800,1980-03-21 14:30:00+00:00,0.0,arma_threshold_ma,no_position
2805,1980-03-28 14:30:00+00:00,0.0,arma_threshold_ma,no_position
2810,1980-04-07 14:30:00+00:00,-0.5625,arma_threshold_ma,long
2815,1980-04-14 14:30:00+00:00,-0.34375,arma_threshold_ma,long
2820,1980-04-21 14:30:00+00:00,0.0,arma_threshold_ma,no_position
2825,1980-04-28 13:30:00+00:00,0.0,arma_threshold_ma,no_position
2830,1980-05-05 13:30:00+00:00,0.0,arma_threshold_ma,no_position
2835,1980-05-12 13:30:00+00:00,0.140625,arma_threshold_ma,short
2840,1980-05-19 13:30:00+00:00,0.0,arma_threshold_ma,no_position
2845,1980-05-27 13:30:00+00:00,0.0,arma_threshold_ma,no_position
2850,1980-06-03 13:30:00+00:00,0.0,arma_threshold_ma,no_position
2855,1980-06-10 13:30:00+00:00,-0.09375,arma_threshold_ma,long
2860,1980-06-17 13:30:00+00:00,0.515625,arma_threshold_ma,long
2865,1980-06-24 13:30:00+00:00,0.125,arma_threshold_ma,long
2870,1980-07-01 13:30:00+00:00,0.0,arma_threshold_ma,no_position
2875,1980-07-09 13:30:00+00:00,-0.25,arma_threshold_ma,long
2880,1980-07-16 13:30:00+00:00,0.0,arma_threshold_ma,no_position
2885,1980-07-23 13:30:00+00:00,-0.3125,arma_threshold_ma,long
2890,1980-07-30 13:30:00+00:00,0.40625,arma_threshold_ma,long
2895,1980-08-06 13:30:00+00:00,0.0,arma_threshold_ma,no_position
2900,1980-08-13 13:30:00+00:00,-0.296875,arma_threshold_ma,long
2905,1980-08-20 13:30:00+00:00,0.03125,arma_threshold_ma,long
2910,1980-08-27 13:30:00+00:00,0.0,arma_threshold_ma,no_position
2915,1980-09-04 13:30:00+00:00,0.078125,arma_threshold_ma,short
2920,1980-09-11 13:30:00+00:00,0.1875,arma_threshold_ma,short
2925,1980-09-18 13:30:00+00:00,0.0,arma_threshold_ma,no_position
2930,1980-09-25 13:30:00+00:00,0.0,arma_threshold_ma,no_position
2935,1980-10-02 13:30:00+00:00,0.328125,arma_threshold_ma,long
2940,1980-10-09 13:30:00+00:00,0.515625,arma_threshold_ma,long
2945,1980-10-16 13:30:00+00:00,0.390625,arma_threshold_ma,long
2950,1980-10-23 13:30:00+00:00,0.703125,arma_threshold_ma,long
2955,1980-10-30 14:30:00+00:00,0.0,arma_threshold_ma,no_position
2960,1980-11-07 14:30:00+00:00,-0.515625,arma_threshold_ma,long
2965,1980-11-14 14:30:00+00:00,0.640625,arma_threshold_ma,long
2970,1980-11-21 14:30:00+00:00,1.1875,arma_threshold_ma,long
2975,1980-12-01 14:30:00+00:00,0.75,arma_threshold_ma,long
2980,1980-12-08 14:30:00+00:00,0.0,arma_threshold_ma,no_position
2985,1980-12-15 14:30:00+00:00,0.0,arma_threshold_ma,no_position
2990,1980-12-22 14:30:00+00:00,-0.265625,arma_threshold_ma,long
2995,1980-12-30 14:30:00+00:00,0.0,arma_threshold_ma,no_position
3000,1981-01-07 14:30:00+00:00,0.0,arma_threshold_ma,no_position
3005,1981-01-14 14:30:00+00:00,0.0,arma_threshold_ma,no_position
3010,1981-01-21 14:30:00+00:00,0.1875,arma_threshold_ma,long
3015,1981-01-28 14:30:00+00:00,0.0,arma_threshold_ma,no_position
3020,1981-02-04 14:30:00+00:00,0.328125,arma_threshold_ma,short
3025,1981-02-11 14:30:00+00:00,0.0,arma_threshold_ma,no_position
3030,1981-02-19 14:30:00+00:00,0.0,arma_threshold_ma,no_position
3035,1981-02-26 14:30:00+00:00,-0.109375,arma_threshold_ma,short
3040,1981-03-05 14:30:00+00:00,0.0,arma_threshold_ma,no_position
3045,1981-03-12 14:30:00+00:00,0.296875,arma_threshold_ma,short
3050,1981-03-19 14:30:00+00:00,0.0,arma_threshold_ma,no_position
3055,1981-03-26 14:30:00+00:00,0.0,arma_threshold_ma,no_position
3060,1981-04-02 14:30:00+00:00,-0.3125,arma_threshold_ma,short
3065,1981-04-09 14:30:00+00:00,0.125,arma_threshold_ma,short
3070,1981-04-16 14:30:00+00:00,0.6875,arma_threshold_ma,short
3075,1981-04-24 14:30:00+00:00,-0.0625,arma_threshold_ma,short
3080,1981-05-01 13:30:00+00:00,0.0,arma_threshold_ma,no_position
3085,1981-05-08 13:30:00+00:00,0.0,arma_threshold_ma,no_position
3090,1981-05-15 13:30:00+00:00,-0.28125,arma_threshold_ma,short
3095,1981-05-22 13:30:00+00:00,0.0,arma_threshold_ma,no_position
3100,1981-06-01 13:30:00+00:00,0.1875,arma_threshold_ma,short
3105,1981-06-08 13:30:00+00:00,0.0,arma_threshold_ma,no_position
3110,1981-06-15 13:30:00+00:00,-0.125,arma_threshold_ma,short
3115,1981-06-22 13:30:00+00:00,0.0,arma_threshold_ma,no_position
3120,1981-06-29 13:30:00+00:00,0.0,arma_threshold_ma,no_position
3125,1981-07-07 13:30:00+00:00,0.0,arma_threshold_ma,no_position
3130,1981-07-14 13:30:00+00:00,0.46875,arma_threshold_ma,long
3135,1981-07-21 13:30:00+00:00,0.0,arma_threshold_ma,no_position
3140,1981-07-28 13:30:00+00:00,0.0,arma_threshold_ma,no_position
3145,1981-08-04 13:30:00+00:00,0.25,arma_threshold_ma,long
3150,1981-08-11 13:30:00+00:00,0.4375,arma_threshold_ma,long
3155,1981-08-18 13:30:00+00:00,0.46875,arma_threshold_ma,long
3160,1981-08-25 13:30:00+00:00,0.0,arma_threshold_ma,no_position
3165,1981-09-01 13:30:00+00:00,-0.65625,arma_threshold_ma,long
3170,1981-09-09 13:30:00+00:00,0.0,arma_threshold_ma,no_position
3175,1981-09-16 13:30:00+00:00,-0.71875,arma_threshold_ma,long
3180,1981-09-23 13:30:00+00:00,0.0,arma_threshold_ma,no_position
3185,1981-09-30 13:30:00+00:00,-0.375,arma_threshold_ma,long
3190,1981-10-07 13:30:00+00:00,0.0,arma_threshold_ma,no_position
3195,1981-10-14 13:30:00+00:00,0.0,arma_threshold_ma,no_position
3200,1981-10-21 13:30:00+00:00,0.0,arma_threshold_ma,no_position
3205,1981-10-28 14:30:00+00:00,-0.15625,arma_threshold_ma,short
3210,1981-11-04 14:30:00+00:00,0.0,arma_threshold_ma,no_position
3215,1981-11-11 14:30:00+00:00,0.0,arma_threshold_ma,no_position
3220,1981-11-18 14:30:00+00:00,0.0,arma_threshold_ma,no_position
3225,1981-11-25 14:30:00+00:00,-0.3125,arma_threshold_ma,long
3230,1981-12-03 14:30:00+00:00,0.65625,arma_threshold_ma,long
3235,1981-12-10 14:30:00+00:00,0.15625,arma_threshold_ma,long
3240,1981-12-17 14:30:00+00:00,0.0,arma_threshold_ma,no_position
3245,1981-12-24 14:30:00+00:00,-0.59375,arma_threshold_ma,long
3250,1982-01-04 14:30:00+00:00,0.15625,arma_threshold_ma,long
3255,1982-01-11 14:30:00+00:00,0.4375,arma_threshold_ma,short
3260,1982-01-18 14:30:00+00:00,1.0,arma_threshold_ma,short
3265,1982-01-25 14:30:00+00:00,-0.09375,arma_threshold_ma,short
3270,1982-02-01 14:30:00+00:00,0.0,arma_threshold_ma,no_position
3275,1982-02-08 14:30:00+00:00,0.28125,arma_threshold_ma,short
3280,1982-02-16 14:30:00+00:00,0.4375,arma_threshold_ma,short
3285,1982-02-23 14:30:00+00:00,0.4375,arma_threshold_ma,short
3290,1982-03-02 14:30:00+00:00,0.0,arma_threshold_ma,no_position
3295,1982-03-09 14:30:00+00:00,0.125,arma_threshold_ma,short
3300,1982-03-16 14:30:00+00:00,0.0,arma_threshold_ma,no_position
3305,1982-03-23 14:30:00+00:00,-0.6875,arma_threshold_ma,short
3310,1982-03-30 14:30:00+00:00,-0.125,arma_threshold_ma,short
3315,1982-04-06 14:30:00+00:00,0.0,arma_threshold_ma,no_position
3320,1982-04-14 14:30:00+00:00,-0.4375,arma_threshold_ma,short
3325,1982-04-21 14:30:00+00:00,0.5,arma_threshold_ma,short
3330,1982-04-28 13:30:00+00:00,0.0,arma_threshold_ma,no_position
3335,1982-05-05 13:30:00+00:00,-0.1875,arma_threshold_ma,short
3340,1982-05-12 13:30:00+00:00,0.25,arma_threshold_ma,long
3345,1982-05-19 13:30:00+00:00,0.0,arma_threshold_ma,no_position
3350,1982-05-26 13:30:00+00:00,-0.4375,arma_threshold_ma,long
3355,1982-06-03 13:30:00+00:00,0.0,arma_threshold_ma,no_position
3360,1982-06-10 13:30:00+00:00,0.0,arma_threshold_ma,no_position
3365,1982-06-17 13:30:00+00:00,0.0,arma_threshold_ma,no_position
3370,1982-06-24 13:30:00+00:00,0.0,arma_threshold_ma,no_position
3375,1982-07-01 13:30:00+00:00,0.03125,arma_threshold_ma,short
3380,1982-07-09 13:30:00+00:00,0.40625,arma_threshold_ma,short
3385,1982-07-16 13:30:00+00:00,0.0625,arma_threshold_ma,short
3390,1982-07-23 13:30:00+00:00,-0.0625,arma_threshold_ma,short
3395,1982-07-30 13:30:00+00:00,0.25,arma_threshold_ma,short
3400,1982-08-06 13:30:00+00:00,0.46875,arma_threshold_ma,short
3405,1982-08-13 13:30:00+00:00,0.0,arma_threshold_ma,no_position
3410,1982-08-20 13:30:00+00:00,0.0,arma_threshold_ma,no_position
3415,1982-08-27 13:30:00+00:00,0.0,arma_threshold_ma,no_position
3420,1982-09-03 13:30:00+00:00,-0.53125,arma_threshold_ma,short
3425,1982-09-13 13:30:00+00:00,0.4375,arma_threshold_ma,long
3430,1982-09-20 13:30:00+00:00,-0.0625,arma_threshold_ma,long
3435,1982-09-27 13:30:00+00:00,0.0,arma_threshold_ma,no_position
3440,1982-10-04 13:30:00+00:00,0.0,arma_threshold_ma,no_position
3445,1982-10-11 13:30:00+00:00,-0.34375,arma_threshold_ma,long
3450,1982-10-18 13:30:00+00:00,0.59375,arma_threshold_ma,long
3455,1982-10-25 13:30:00+00:00,0.0,arma_threshold_ma,no_position
3460,1982-11-01 14:30:00+00:00,0.0,arma_threshold_ma,no_position
3465,1982-11-08 14:30:00+00:00,-0.375,arma_threshold_ma,long
3470,1982-11-15 14:30:00+00:00,0.0,arma_threshold_ma,no_position
3475,1982-11-22 14:30:00+00:00,0.0,arma_threshold_ma,no_position
3480,1982-11-30 14:30:00+00:00,0.21875,arma_threshold_ma,short
3485,1982-12-07 14:30:00+00:00,0.0,arma_threshold_ma,no_position
3490,1982-12-14 14:30:00+00:00,0.21875,arma_threshold_ma,long
3495,1982-12-21 14:30:00+00:00,0.0,arma_threshold_ma,no_position
3500,1982-12-29 14:30:00+00:00,0.0,arma_threshold_ma,no_position
3505,1983-01-05 14:30:00+00:00,0.0,arma_threshold_ma,no_position
3510,1983-01-12 14:30:00+00:00,0.53125,arma_threshold_ma,long
3515,1983-01-19 14:30:00+00:00,0.0,arma_threshold_ma,no_position
3520,1983-01-26 14:30:00+00:00,0.0,arma_threshold_ma,no_position
3525,1983-02-02 14:30:00+00:00,0.0,arma_threshold_ma,no_position
3530,1983-02-09 14:30:00+00:00,-0.1875,arma_threshold_ma,long
3535,1983-02-16 14:30:00+00:00,0.53125,arma_threshold_ma,long
3540,1983-02-24 14:30:00+00:00,0.0,arma_threshold_ma,no_position
3545,1983-03-03 14:30:00+00:00,0.4375,arma_threshold_ma,long
3550,1983-03-10 14:30:00+00:00,0.21875,arma_threshold_ma,long
3555,1983-03-17 14:30:00+00:00,0.0,arma_threshold_ma,no_position
3560,1983-03-24 14:30:00+00:00,-0.59375,arma_threshold_ma,long
3565,1983-03-31 14:30:00+00:00,0.28125,arma_threshold_ma,long
3570,1983-04-08 14:30:00+00:00,0.65625,arma_threshold_ma,long
3575,1983-04-15 14:30:00+00:00,-0.03125,arma_threshold_ma,long
3580,1983-04-22 14:30:00+00:00,0.0,arma_threshold_ma,no_position
3585,1983-04-29 13:30:00+00:00,-0.375,arma_threshold_ma,long
3590,1983-05-06 13:30:00+00:00,0.0,arma_threshold_ma,no_position
3595,1983-05-13 13:30:00+00:00,-0.59375,arma_threshold_ma,long
3600,1983-05-20 13:30:00+00:00,0.0,arma_threshold_ma,no_position
3605,1983-05-27 13:30:00+00:00,0.34375,arma_threshold_ma,short
3610,1983-06-06 13:30:00+00:00,0.0,arma_threshold_ma,no_position
3615,1983-06-13 13:30:00+00:00,0.4375,arma_threshold_ma,short
3620,1983-06-20 13:30:00+00:00,0.0,arma_threshold_ma,no_position
3625,1983-06-27 13:30:00+00:00,0.0,arma_threshold_ma,no_position
3630,1983-07-05 13:30:00+00:00,0.0,arma_threshold_ma,no_position
3635,1983-07-12 13:30:00+00:00,0.0,arma_threshold_ma,no_position
3640,1983-07-19 13:30:00+00:00,0.1875,arma_threshold_ma,short
3645,1983-07-26 13:30:00+00:00,0.0,arma_threshold_ma,no_position
3650,1983-08-02 13:30:00+00:00,0.0,arma_threshold_ma,no_position
3655,1983-08-09 13:30:00+00:00,0.75,arma_threshold_ma,short
3660,1983-08-16 13:30:00+00:00,0.0,arma_threshold_ma,no_position
3665,1983-08-23 13:30:00+00:00,0.5,arma_threshold_ma,long
3670,1983-08-30 13:30:00+00:00,0.0,arma_threshold_ma,no_position
3675,1983-09-07 13:30:00+00:00,0.0,arma_threshold_ma,no_position
3680,1983-09-14 13:30:00+00:00,-0.15625,arma_threshold_ma,short
3685,1983-09-21 13:30:00+00:00,0.0,arma_threshold_ma,no_position
3690,1983-09-28 13:30:00+00:00,-0.15625,arma_threshold_ma,short
3695,1983-10-05 13:30:00+00:00,-0.0,arma_threshold_ma,short
3700,1983-10-12 13:30:00+00:00,0.0,arma_threshold_ma,no_position
3705,1983-10-19 13:30:00+00:00,0.5,arma_threshold_ma,long
3710,1983-10-26 13:30:00+00:00,0.0,arma_threshold_ma,no_position
3715,1983-11-02 14:30:00+00:00,0.4375,arma_threshold_ma,short
3720,1983-11-09 14:30:00+00:00,-0.03125,arma_threshold_ma,short
3725,1983-11-16 14:30:00+00:00,0.0,arma_threshold_ma,no_position
3730,1983-11-23 14:30:00+00:00,0.0,arma_threshold_ma,no_position
3735,1983-12-01 14:30:00+00:00,-0.0625,arma_threshold_ma,short
3740,1983-12-08 14:30:00+00:00,0.0,arma_threshold_ma,no_position
3745,1983-12-15 14:30:00+00:00,0.0,arma_threshold_ma,no_position
3750,1983-12-22 14:30:00+00:00,-0.03125,arma_threshold_ma,short
3755,1983-12-30 14:30:00+00:00,0.0,arma_threshold_ma,no_position
3760,1984-01-09 14:30:00+00:00,0.0,arma_threshold_ma,no_position
3765,1984-01-16 14:30:00+00:00,0.0,arma_threshold_ma,no_position
3770,1984-01-23 14:30:00+00:00,0.0,arma_threshold_ma,no_position
3775,1984-01-30 14:30:00+00:00,0.0,arma_threshold_ma,no_position
3780,1984-02-06 14:30:00+00:00,0.0625,arma_threshold_ma,long
3785,1984-02-13 14:30:00+00:00,0.28125,arma_threshold_ma,short
3790,1984-02-21 14:30:00+00:00,0.0,arma_threshold_ma,no_position
3795,1984-02-28 14:30:00+00:00,0.53125,arma_threshold_ma,long
3800,1984-03-06 14:30:00+00:00,0.0,arma_threshold_ma,no_position
3805,1984-03-13 14:30:00+00:00,0.0,arma_threshold_ma,no_position
3810,1984-03-20 14:30:00+00:00,-0.0625,arma_threshold_ma,short
3815,1984-03-27 14:30:00+00:00,0.0,arma_threshold_ma,no_position
3820,1984-04-03 14:30:00+00:00,0.0,arma_threshold_ma,no_position
3825,1984-04-10 14:30:00+00:00,0.0,arma_threshold_ma,no_position
3830,1984-04-17 14:30:00+00:00,-0.03125,arma_threshold_ma,long
3835,1984-04-25 14:30:00+00:00,0.0,arma_threshold_ma,no_position
3840,1984-05-02 13:30:00+00:00,-0.3125,arma_threshold_ma,long
3845,1984-05-09 13:30:00+00:00,0.0,arma_threshold_ma,no_position
3850,1984-05-16 13:30:00+00:00,0.0,arma_threshold_ma,no_position
3855,1984-05-23 13:30:00+00:00,0.0,arma_threshold_ma,no_position
3860,1984-05-31 13:30:00+00:00,0.0,arma_threshold_ma,no_position
3865,1984-06-07 13:30:00+00:00,0.0,arma_threshold_ma,long
3870,1984-06-14 13:30:00+00:00,0.0,arma_threshold_ma,no_position
3875,1984-06-21 13:30:00+00:00,0.5625,arma_threshold_ma,short
3880,1984-06-28 13:30:00+00:00,0.03125,arma_threshold_ma,short
3885,1984-07-06 13:30:00+00:00,0.0,arma_threshold_ma,no_position
3890,1984-07-13 13:30:00+00:00,-0.0,arma_threshold_ma,short
3895,1984-07-20 13:30:00+00:00,0.28125,arma_threshold_ma,short
3900,1984-07-27 13:30:00+00:00,0.0,arma_threshold_ma,no_position
3905,1984-08-03 13:30:00+00:00,0.3125,arma_threshold_ma,short
3910,1984-08-10 13:30:00+00:00,0.0,arma_threshold_ma,no_position
3915,1984-08-17 13:30:00+00:00,-0.71875,arma_threshold_ma,short
3920,1984-08-24 13:30:00+00:00,0.0,arma_threshold_ma,no_position
3925,1984-08-31 13:30:00+00:00,0.4375,arma_threshold_ma,long
3930,1984-09-10 13:30:00+00:00,0.0,arma_threshold_ma,no_position
3935,1984-09-17 13:30:00+00:00,-0.15625,arma_threshold_ma,long
3940,1984-09-24 13:30:00+00:00,0.0,arma_threshold_ma,no_position
3945,1984-10-01 13:30:00+00:00,-0.1875,arma_threshold_ma,long
3950,1984-10-08 13:30:00+00:00,0.0,arma_threshold_ma,no_position
3955,1984-10-15 13:30:00+00:00,0.0,arma_threshold_ma,no_position
3960,1984-10-22 13:30:00+00:00,0.0,arma_threshold_ma,no_position
3965,1984-10-29 14:30:00+00:00,0.0,arma_threshold_ma,no_position
3970,1984-11-05 14:30:00+00:00,-0.0,arma_threshold_ma,short
3975,1984-11-12 14:30:00+00:00,-0.1875,arma_threshold_ma,short
3980,1984-11-19 14:30:00+00:00,0.0,arma_threshold_ma,no_position
3985,1984-11-27 14:30:00+00:00,0.03125,arma_threshold_ma,short
3990,1984-12-04 14:30:00+00:00,-0.0625,arma_threshold_ma,short
3995,1984-12-11 14:30:00+00:00,0.0,arma_threshold_ma,no_position
4000,1984-12-18 14:30:00+00:00,-0.0,arma_threshold_ma,short
4005,1984-12-26 14:30:00+00:00,0.28125,arma_threshold_ma,short
4010,1985-01-03 14:30:00+00:00,0.3125,arma_threshold_ma,short
4015,1985-01-10 14:30:00+00:00,0.125,arma_threshold_ma,short
4020,1985-01-17 14:30:00+00:00,0.0,arma_threshold_ma,no_position
4025,1985-01-24 14:30:00+00:00,0.0,arma_threshold_ma,no_position
4030,1985-01-31 14:30:00+00:00,0.0,arma_threshold_ma,no_position
4035,1985-02-07 14:30:00+00:00,0.0,arma_threshold_ma,no_position
4040,1985-02-14 14:30:00+00:00,0.0,arma_threshold_ma,long
4045,1985-02-22 14:30:00+00:00,0.0,arma_threshold_ma,no_position
4050,1985-03-01 14:30:00+00:00,0.0,arma_threshold_ma,no_position
4055,1985-03-08 14:30:00+00:00,0.0,arma_threshold_ma,no_position
4060,1985-03-15 14:30:00+00:00,0.0,arma_threshold_ma,no_position
4065,1985-03-22 14:30:00+00:00,0.0,arma_threshold_ma,no_position
4070,1985-03-29 14:30:00+00:00,0.28125,arma_threshold_ma,long
4075,1985-04-08 14:30:00+00:00,0.1875,arma_threshold_ma,long
4080,1985-04-15 14:30:00+00:00,0.0,arma_threshold_ma,no_position
4085,1985-04-22 14:30:00+00:00,-0.15625,arma_threshold_ma,long
4090,1985-04-29 13:30:00+00:00,0.21875,arma_threshold_ma,long
4095,1985-05-06 13:30:00+00:00,0.34375,arma_threshold_ma,long
4100,1985-05-13 13:30:00+00:00,0.0,arma_threshold_ma,no_position
4105,1985-05-20 13:30:00+00:00,0.28125,arma_threshold_ma,short
4110,1985-05-28 13:30:00+00:00,0.0,arma_threshold_ma,no_position
4115,1985-06-04 13:30:00+00:00,0.09375,arma_threshold_ma,long
4120,1985-06-11 13:30:00+00:00,0.09375,arma_threshold_ma,long
4125,1985-06-18 13:30:00+00:00,0.09375,arma_threshold_ma,long
4130,1985-06-25 13:30:00+00:00,0.125,arma_threshold_ma,long
4135,1985-07-02 13:30:00+00:00,0.1875,arma_threshold_ma,long
4140,1985-07-10 13:30:00+00:00,0.09375,arma_threshold_ma,long
4145,1985-07-17 13:30:00+00:00,0.0,arma_threshold_ma,no_position
4150,1985-07-24 13:30:00+00:00,0.34375,arma_threshold_ma,short
4155,1985-07-31 13:30:00+00:00,0.15625,arma_threshold_ma,long
4160,1985-08-07 13:30:00+00:00,0.0,arma_threshold_ma,no_position
4165,1985-08-14 13:30:00+00:00,0.0625,arma_threshold_ma,long
4170,1985-08-21 13:30:00+00:00,0.0,arma_threshold_ma,long
4175,1985-08-28 13:30:00+00:00,0.0,arma_threshold_ma,no_position
4180,1985-09-05 13:30:00+00:00,0.09375,arma_threshold_ma,long
4185,1985-09-12 13:30:00+00:00,0.0,arma_threshold_ma,no_position
4190,1985-09-19 13:30:00+00:00,0.1875,arma_threshold_ma,short
4195,1985-09-26 13:30:00+00:00,0.0625,arma_threshold_ma,short
4200,1985-10-03 13:30:00+00:00,0.0,arma_threshold_ma,no_position
4205,1985-10-10 13:30:00+00:00,0.5625,arma_threshold_ma,long
4210,1985-10-17 13:30:00+00:00,-0.15625,arma_threshold_ma,long
4215,1985-10-24 13:30:00+00:00,0.21875,arma_threshold_ma,long
4220,1985-10-31 14:30:00+00:00,0.0,arma_threshold_ma,no_position
4225,1985-11-07 14:30:00+00:00,0.0,arma_threshold_ma,no_position
4230,1985-11-14 14:30:00+00:00,0.0,arma_threshold_ma,no_position
4235,1985-11-21 14:30:00+00:00,0.3125,arma_threshold_ma,long
4240,1985-11-29 14:30:00+00:00,0.03125,arma_threshold_ma,long
4245,1985-12-06 14:30:00+00:00,0.0,arma_threshold_ma,no_position
4250,1985-12-13 14:30:00+00:00,0.0,arma_threshold_ma,no_position
4255,1985-12-20 14:30:00+00:00,0.0,arma_threshold_ma,no_position
4260,1985-12-30 14:30:00+00:00,-0.3125,arma_threshold_ma,short
4265,1986-01-07 14:30:00+00:00,0.0,arma_threshold_ma,no_position
4270,1986-01-14 14:30:00+00:00,0.0,arma_threshold_ma,no_position
4275,1986-01-21 14:30:00+00:00,0.28125,arma_threshold_ma,short
4280,1986-01-28 14:30:00+00:00,0.5625,arma_threshold_ma,short
4285,1986-02-04 14:30:00+00:00,0.0,arma_threshold_ma,no_position
4290,1986-02-11 14:30:00+00:00,0.25,arma_threshold_ma,short
4295,1986-02-19 14:30:00+00:00,0.0,arma_threshold_ma,no_position
4300,1986-02-26 14:30:00+00:00,0.0,arma_threshold_ma,no_position
4305,1986-03-05 14:30:00+00:00,0.0,arma_threshold_ma,no_position
4310,1986-03-12 14:30:00+00:00,0.0,arma_threshold_ma,no_position
4315,1986-03-19 14:30:00+00:00,0.0,arma_threshold_ma,no_position
4320,1986-03-26 14:30:00+00:00,-0.0,arma_threshold_ma,short
4325,1986-04-03 14:30:00+00:00,-0.03125,arma_threshold_ma,long
4330,1986-04-10 14:30:00+00:00,0.0,arma_threshold_ma,no_position
4335,1986-04-17 14:30:00+00:00,0.1875,arma_threshold_ma,long
4340,1986-04-24 14:30:00+00:00,0.0,arma_threshold_ma,no_position
4345,1986-05-01 13:30:00+00:00,0.09375,arma_threshold_ma,long
4350,1986-05-08 13:30:00+00:00,-0.125,arma_threshold_ma,long
4355,1986-05-15 13:30:00+00:00,0.0,arma_threshold_ma,no_position
4360,1986-05-22 13:30:00+00:00,-0.0625,arma_threshold_ma,long
4365,1986-05-30 13:30:00+00:00,0.0625,arma_threshold_ma,long
4370,1986-06-06 13:30:00+00:00,0.03125,arma_threshold_ma,long
4375,1986-06-13 13:30:00+00:00,0.0,arma_threshold_ma,no_position
4380,1986-06-20 13:30:00+00:00,-0.09375,arma_threshold_ma,long
4385,1986-06-27 13:30:00+00:00,0.0,arma_threshold_ma,no_position
4390,1986-07-07 13:30:00+00:00,0.0,arma_threshold_ma,no_position
4395,1986-07-14 13:30:00+00:00,0.25,arma_threshold_ma,short
4400,1986-07-21 13:30:00+00:00,0.0,arma_threshold_ma,no_position
4405,1986-07-28 13:30:00+00:00,-0.46875,arma_threshold_ma,short
4410,1986-08-04 13:30:00+00:00,0.0,arma_threshold_ma,no_position
4415,1986-08-11 13:30:00+00:00,0.0,arma_threshold_ma,no_position
4420,1986-08-18 13:30:00+00:00,0.40625,arma_threshold_ma,long
4425,1986-08-25 13:30:00+00:00,0.0,arma_threshold_ma,no_position
4430,1986-09-02 13:30:00+00:00,-0.34375,arma_threshold_ma,long
4435,1986-09-09 13:30:00+00:00,0.5,arma_threshold_ma,long
4440,1986-09-16 13:30:00+00:00,0.0,arma_threshold_ma,no_position
4445,1986-09-23 13:30:00+00:00,0.0,arma_threshold_ma,no_position
4450,1986-09-30 13:30:00+00:00,0.03125,arma_threshold_ma,long
4455,1986-10-07 13:30:00+00:00,0.15625,arma_threshold_ma,long
4460,1986-10-14 13:30:00+00:00,0.0,arma_threshold_ma,no_position
4465,1986-10-21 13:30:00+00:00,0.0,arma_threshold_ma,no_position
4470,1986-10-28 14:30:00+00:00,0.0,arma_threshold_ma,no_position
4475,1986-11-04 14:30:00+00:00,0.0,arma_threshold_ma,no_position
4480,1986-11-11 14:30:00+00:00,0.59375,arma_threshold_ma,long
4485,1986-11-18 14:30:00+00:00,0.4375,arma_threshold_ma,long
4490,1986-11-25 14:30:00+00:00,-0.03125,arma_threshold_ma,long
4495,1986-12-03 14:30:00+00:00,0.28125,arma_threshold_ma,long
4500,1986-12-10 14:30:00+00:00,0.0,arma_threshold_ma,no_position
4505,1986-12-17 14:30:00+00:00,-0.0625,arma_threshold_ma,long
4510,1986-12-24 14:30:00+00:00,0.0,arma_threshold_ma,no_position
4515,1987-01-02 14:30:00+00:00,0.0,arma_threshold_ma,no_position
4520,1987-01-09 14:30:00+00:00,0.0625,arma_threshold_ma,long
4525,1987-01-16 14:30:00+00:00,0.71875,arma_threshold_ma,long
4530,1987-01-23 14:30:00+00:00,0.0,arma_threshold_ma,no_position
4535,1987-01-30 14:30:00+00:00,0.0,arma_threshold_ma,no_position
4540,1987-02-06 14:30:00+00:00,0.75,arma_threshold_ma,long
4545,1987-02-13 14:30:00+00:00,0.0,arma_threshold_ma,no_position
4550,1987-02-23 14:30:00+00:00,0.0,arma_threshold_ma,no_position
4555,1987-03-02 14:30:00+00:00,-0.65625,arma_threshold_ma,long
4560,1987-03-09 14:30:00+00:00,0.25,arma_threshold_ma,long
4565,1987-03-16 14:30:00+00:00,0.53125,arma_threshold_ma,long
4570,1987-03-23 14:30:00+00:00,0.6875,arma_threshold_ma,long
4575,1987-03-30 14:30:00+00:00,0.0,arma_threshold_ma,no_position
4580,1987-04-06 13:30:00+00:00,-0.84375,arma_threshold_ma,long
4585,1987-04-13 13:30:00+00:00,0.0,arma_threshold_ma,no_position
4590,1987-04-21 13:30:00+00:00,0.0,arma_threshold_ma,no_position
4595,1987-04-28 13:30:00+00:00,0.0,arma_threshold_ma,no_position
4600,1987-05-05 13:30:00+00:00,-0.78125,arma_threshold_ma,long
4605,1987-05-12 13:30:00+00:00,0.3125,arma_threshold_ma,long
4610,1987-05-19 13:30:00+00:00,0.0,arma_threshold_ma,no_position
4615,1987-05-27 13:30:00+00:00,0.0,arma_threshold_ma,no_position
4620,1987-06-03 13:30:00+00:00,0.53125,arma_threshold_ma,long
4625,1987-06-10 13:30:00+00:00,0.0,arma_threshold_ma,no_position
4630,1987-06-17 13:30:00+00:00,-0.25,arma_threshold_ma,long
4635,1987-06-24 13:30:00+00:00,-0.4375,arma_threshold_ma,short
4640,1987-07-01 13:30:00+00:00,0.03125,arma_threshold_ma,long
4645,1987-07-09 13:30:00+00:00,0.375,arma_threshold_ma,long
4650,1987-07-16 13:30:00+00:00,0.3125,arma_threshold_ma,long
4655,1987-07-23 13:30:00+00:00,0.0,arma_threshold_ma,no_position
4660,1987-07-30 13:30:00+00:00,-1.03125,arma_threshold_ma,long
4665,1987-08-06 13:30:00+00:00,0.0,arma_threshold_ma,no_position
4670,1987-08-13 13:30:00+00:00,-0.0625,arma_threshold_ma,long
4675,1987-08-20 13:30:00+00:00,0.5625,arma_threshold_ma,short
4680,1987-08-27 13:30:00+00:00,0.46875,arma_threshold_ma,long
4685,1987-09-03 13:30:00+00:00,0.09375,arma_threshold_ma,short
4690,1987-09-11 13:30:00+00:00,0.6875,arma_threshold_ma,short
4695,1987-09-18 13:30:00+00:00,0.5625,arma_threshold_ma,short
4700,1987-09-25 13:30:00+00:00,0.0,arma_threshold_ma,no_position
4705,1987-10-02 13:30:00+00:00,0.0,arma_threshold_ma,no_position
4710,1987-10-09 13:30:00+00:00,-0.59375,arma_threshold_ma,short
4715,1987-10-16 13:30:00+00:00,1.125,arma_threshold_ma,short
4720,1987-10-23 13:30:00+00:00,0.40625,arma_threshold_ma,short
4725,1987-10-30 14:30:00+00:00,1.71875,arma_threshold_ma,short
4730,1987-11-06 14:30:00+00:00,0.0,arma_threshold_ma,no_position
4735,1987-11-13 14:30:00+00:00,0.78125,arma_threshold_ma,short
4740,1987-11-20 14:30:00+00:00,0.625,arma_threshold_ma,short
4745,1987-11-30 14:30:00+00:00,0.0,arma_threshold_ma,no_position
4750,1987-12-07 14:30:00+00:00,0.5625,arma_threshold_ma,short
4755,1987-12-14 14:30:00+00:00,0.0,arma_threshold_ma,no_position
4760,1987-12-21 14:30:00+00:00,0.0,arma_threshold_ma,no_position
4765,1987-12-29 14:30:00+00:00,0.0,arma_threshold_ma,no_position
4770,1988-01-06 14:30:00+00:00,0.0,arma_threshold_ma,no_position
4775,1988-01-13 14:30:00+00:00,0.0,arma_threshold_ma,no_position
4780,1988-01-20 14:30:00+00:00,0.0,arma_threshold_ma,no_position
4785,1988-01-27 14:30:00+00:00,0.0,arma_threshold_ma,no_position
4790,1988-02-03 14:30:00+00:00,0.65625,arma_threshold_ma,long
4795,1988-02-10 14:30:00+00:00,0.0,arma_threshold_ma,no_position
4800,1988-02-18 14:30:00+00:00,0.21875,arma_threshold_ma,long
4805,1988-02-25 14:30:00+00:00,0.0,arma_threshold_ma,no_position
4810,1988-03-03 14:30:00+00:00,-0.71875,arma_threshold_ma,long
4815,1988-03-10 14:30:00+00:00,0.28125,arma_threshold_ma,long
4820,1988-03-17 14:30:00+00:00,0.25,arma_threshold_ma,long
4825,1988-03-24 14:30:00+00:00,0.0,arma_threshold_ma,no_position
4830,1988-03-31 14:30:00+00:00,0.0,arma_threshold_ma,no_position
4835,1988-04-08 13:30:00+00:00,0.3125,arma_threshold_ma,long
4840,1988-04-15 13:30:00+00:00,0.65625,arma_threshold_ma,long
4845,1988-04-22 13:30:00+00:00,0.0,arma_threshold_ma,no_position
4850,1988-04-29 13:30:00+00:00,-0.21875,arma_threshold_ma,long
4855,1988-05-06 13:30:00+00:00,0.0,arma_threshold_ma,no_position
4860,1988-05-13 13:30:00+00:00,0.0,arma_threshold_ma,no_position
4865,1988-05-20 13:30:00+00:00,-0.15625,arma_threshold_ma,long
4870,1988-05-27 13:30:00+00:00,0.0,arma_threshold_ma,long
4875,1988-06-06 13:30:00+00:00,0.09375,arma_threshold_ma,long
4880,1988-06-13 13:30:00+00:00,0.71875,arma_threshold_ma,long
4885,1988-06-20 13:30:00+00:00,0.0,arma_threshold_ma,no_position
4890,1988-06-27 13:30:00+00:00,0.0,arma_threshold_ma,no_position
4895,1988-07-05 13:30:00+00:00,0.75,arma_threshold_ma,short
4900,1988-07-12 13:30:00+00:00,0.0,arma_threshold_ma,no_position
4905,1988-07-19 13:30:00+00:00,0.0,arma_threshold_ma,no_position
4910,1988-07-26 13:30:00+00:00,-0.4375,arma_threshold_ma,short
4915,1988-08-02 13:30:00+00:00,0.0,arma_threshold_ma,no_position
4920,1988-08-09 13:30:00+00:00,-0.0625,arma_threshold_ma,short
4925,1988-08-16 13:30:00+00:00,0.125,arma_threshold_ma,short
4930,1988-08-23 13:30:00+00:00,0.375,arma_threshold_ma,short
4935,1988-08-30 13:30:00+00:00,0.0,arma_threshold_ma,no_position
4940,1988-09-07 13:30:00+00:00,-0.0625,arma_threshold_ma,short
4945,1988-09-14 13:30:00+00:00,0.0625,arma_threshold_ma,short
4950,1988-09-21 13:30:00+00:00,0.0,arma_threshold_ma,no_position
4955,1988-09-28 13:30:00+00:00,0.0625,arma_threshold_ma,short
4960,1988-10-05 13:30:00+00:00,0.28125,arma_threshold_ma,short
4965,1988-10-12 13:30:00+00:00,0.0,arma_threshold_ma,no_position
4970,1988-10-19 13:30:00+00:00,0.0,arma_threshold_ma,no_position
4975,1988-10-26 13:30:00+00:00,0.0,arma_threshold_ma,no_position
4980,1988-11-02 14:30:00+00:00,0.0,arma_threshold_ma,no_position
4985,1988-11-09 14:30:00+00:00,0.0,arma_threshold_ma,no_position
4990,1988-11-16 14:30:00+00:00,0.0,arma_threshold_ma,no_position
4995,1988-11-23 14:30:00+00:00,0.0,arma_threshold_ma,no_position
5000,1988-12-01 14:30:00+00:00,0.0,arma_threshold_ma,no_position
5005,1988-12-08 14:30:00+00:00,0.28125,arma_threshold_ma,long
5010,1988-12-15 14:30:00+00:00,0.125,arma_threshold_ma,long
5015,1988-12-22 14:30:00+00:00,0.0,arma_threshold_ma,long
5020,1988-12-30 14:30:00+00:00,0.0,arma_threshold_ma,no_position
5025,1989-01-09 14:30:00+00:00,0.0,arma_threshold_ma,no_position
5030,1989-01-16 14:30:00+00:00,0.40625,arma_threshold_ma,long
5035,1989-01-23 14:30:00+00:00,0.21875,arma_threshold_ma,long
5040,1989-01-30 14:30:00+00:00,0.15625,arma_threshold_ma,long
5045,1989-02-06 14:30:00+00:00,0.0,arma_threshold_ma,no_position
5050,1989-02-13 14:30:00+00:00,0.0,arma_threshold_ma,no_position
5055,1989-02-21 14:30:00+00:00,-0.3125,arma_threshold_ma,long
5060,1989-02-28 14:30:00+00:00,0.0,arma_threshold_ma,no_position
5065,1989-03-07 14:30:00+00:00,-0.28125,arma_threshold_ma,long
5070,1989-03-14 14:30:00+00:00,0.9375,arma_threshold_ma,long
5075,1989-03-21 14:30:00+00:00,0.1875,arma_threshold_ma,long
5080,1989-03-29 14:30:00+00:00,0.0,arma_threshold_ma,no_position
5085,1989-04-05 13:30:00+00:00,-0.21875,arma_threshold_ma,long
5090,1989-04-12 13:30:00+00:00,0.46875,arma_threshold_ma,long
5095,1989-04-19 13:30:00+00:00,-0.21875,arma_threshold_ma,long
5100,1989-04-26 13:30:00+00:00,0.0,arma_threshold_ma,no_position
5105,1989-05-03 13:30:00+00:00,0.0,arma_threshold_ma,no_position
5110,1989-05-10 13:30:00+00:00,0.0,arma_threshold_ma,no_position
5115,1989-05-17 13:30:00+00:00,-0.21875,arma_threshold_ma,long
5120,1989-05-24 13:30:00+00:00,0.3125,arma_threshold_ma,long
5125,1989-06-01 13:30:00+00:00,0.71875,arma_threshold_ma,long
5130,1989-06-08 13:30:00+00:00,0.0,arma_threshold_ma,no_position
5135,1989-06-15 13:30:00+00:00,0.0,arma_threshold_ma,no_position
5140,1989-06-22 13:30:00+00:00,0.21875,arma_threshold_ma,short
5145,1989-06-29 13:30:00+00:00,0.0,arma_threshold_ma,no_position
5150,1989-07-07 13:30:00+00:00,0.0,arma_threshold_ma,no_position
5155,1989-07-14 13:30:00+00:00,0.25,arma_threshold_ma,long
5160,1989-07-21 13:30:00+00:00,0.0,arma_threshold_ma,no_position
5165,1989-07-28 13:30:00+00:00,0.0,arma_threshold_ma,no_position
5170,1989-08-04 13:30:00+00:00,0.0,arma_threshold_ma,no_position
5175,1989-08-11 13:30:00+00:00,0.0,arma_threshold_ma,no_position
5180,1989-08-18 13:30:00+00:00,-0.0,arma_threshold_ma,short
5185,1989-08-25 13:30:00+00:00,0.09375,arma_threshold_ma,long
5190,1989-09-01 13:30:00+00:00,0.15625,arma_threshold_ma,long
5195,1989-09-11 13:30:00+00:00,0.34375,arma_threshold_ma,long
5200,1989-09-18 13:30:00+00:00,0.0,arma_threshold_ma,no_position
5205,1989-09-25 13:30:00+00:00,0.09375,arma_threshold_ma,long
5210,1989-10-02 13:30:00+00:00,-0.15625,arma_threshold_ma,long
5215,1989-10-09 13:30:00+00:00,0.4375,arma_threshold_ma,long
5220,1989-10-16 13:30:00+00:00,0.0,arma_threshold_ma,no_position
5225,1989-10-23 13:30:00+00:00,-0.28125,arma_threshold_ma,long
5230,1989-10-30 14:30:00+00:00,0.0,arma_threshold_ma,no_position
5235,1989-11-06 14:30:00+00:00,0.59375,arma_threshold_ma,long
5240,1989-11-13 14:30:00+00:00,0.0,arma_threshold_ma,no_position
5245,1989-11-20 14:30:00+00:00,-0.53125,arma_threshold_ma,long
5250,1989-11-28 14:30:00+00:00,0.0625,arma_threshold_ma,long
5255,1989-12-05 14:30:00+00:00,1.25,arma_threshold_ma,long
5260,1989-12-12 14:30:00+00:00,0.0,arma_threshold_ma,no_position
5265,1989-12-19 14:30:00+00:00,-0.65625,arma_threshold_ma,long
5270,1989-12-27 14:30:00+00:00,0.0,arma_threshold_ma,no_position
5275,1990-01-04 14:30:00+00:00,-0.0625,arma_threshold_ma,long
5280,1990-01-11 14:30:00+00:00,0.0,arma_threshold_ma,no_position
5285,1990-01-18 14:30:00+00:00,0.1875,arma_threshold_ma,short
5290,1990-01-25 14:30:00+00:00,0.0,arma_threshold_ma,no_position
5295,1990-02-01 14:30:00+00:00,-0.34375,arma_threshold_ma,long
5300,1990-02-08 14:30:00+00:00,0.5,arma_threshold_ma,long
5305,1990-02-15 14:30:00+00:00,0.90625,arma_threshold_ma,long
5310,1990-02-23 14:30:00+00:00,0.1875,arma_threshold_ma,short
5315,1990-03-02 14:30:00+00:00,0.65625,arma_threshold_ma,short
5320,1990-03-09 14:30:00+00:00,0.34375,arma_threshold_ma,long
5325,1990-03-16 14:30:00+00:00,0.0,arma_threshold_ma,no_position
5330,1990-03-23 14:30:00+00:00,0.0,arma_threshold_ma,no_position
5335,1990-03-30 14:30:00+00:00,-0.71875,arma_threshold_ma,long
5340,1990-04-06 13:30:00+00:00,0.0625,arma_threshold_ma,long
5345,1990-04-16 13:30:00+00:00,0.0,arma_threshold_ma,no_position
5350,1990-04-23 13:30:00+00:00,0.0,arma_threshold_ma,no_position
5355,1990-04-30 13:30:00+00:00,0.0,arma_threshold_ma,no_position
5360,1990-05-07 13:30:00+00:00,0.0,arma_threshold_ma,no_position
5365,1990-05-14 13:30:00+00:00,0.375,arma_threshold_ma,long
5370,1990-05-21 13:30:00+00:00,0.71875,arma_threshold_ma,long
5375,1990-05-29 13:30:00+00:00,0.0,arma_threshold_ma,no_position
5380,1990-06-05 13:30:00+00:00,0.0,arma_threshold_ma,no_position
5385,1990-06-12 13:30:00+00:00,0.25,arma_threshold_ma,long
5390,1990-06-19 13:30:00+00:00,0.1875,arma_threshold_ma,long
5395,1990-06-26 13:30:00+00:00,0.0,arma_threshold_ma,no_position
5400,1990-07-03 13:30:00+00:00,-0.96875,arma_threshold_ma,long
5405,1990-07-11 13:30:00+00:00,0.0,arma_threshold_ma,no_position
5410,1990-07-18 13:30:00+00:00,0.15625,arma_threshold_ma,long
5415,1990-07-25 13:30:00+00:00,1.0625,arma_threshold_ma,long
5420,1990-08-01 13:30:00+00:00,0.625,arma_threshold_ma,long
5425,1990-08-09 13:30:00+00:00,0.0,arma_threshold_ma,no_position
5430,1990-08-16 13:30:00+00:00,-0.46875,arma_threshold_ma,long
5435,1990-08-23 13:30:00+00:00,0.15625,arma_threshold_ma,long
5440,1990-08-30 13:30:00+00:00,0.0,arma_threshold_ma,no_position
5445,1990-09-07 13:30:00+00:00,-0.09375,arma_threshold_ma,long
5450,1990-09-14 13:30:00+00:00,0.0,arma_threshold_ma,no_position
5455,1990-09-21 13:30:00+00:00,-0.53125,arma_threshold_ma,long
5460,1990-09-28 13:30:00+00:00,0.0,arma_threshold_ma,no_position
5465,1990-10-05 13:30:00+00:00,0.96875,arma_threshold_ma,short
5470,1990-10-12 13:30:00+00:00,-0.0,arma_threshold_ma,short
5475,1990-10-19 13:30:00+00:00,1.1875,arma_threshold_ma,short
5480,1990-10-26 13:30:00+00:00,-0.375,arma_threshold_ma,short
5485,1990-11-02 14:30:00+00:00,0.0,arma_threshold_ma,no_position
5490,1990-11-09 14:30:00+00:00,-0.6875,arma_threshold_ma,short
